gold	corrupted	error_pred	bad_word
teachers in wales say the scheme is up to £NUMm short for the coming academic year .	xteacherhs in wales say the scheme is up to £NUMm short for the coming academic year .	xteacherhs in wales say the scheme is up to £NUMm short for the coming academic year .	teachers / xteacherhs
referee : kyros vassaras ( greece )	referee : kyros vassaras ( gmeeye )	referee : kyros vassaras ( gmeeye )	greece / gmeeye
san diego gave the mets what turned out to be an important insurance run in the eighth when gerut 's throwing error from center made it NUM-NUM .	san diego gave the mets what turned out to be an lmphr-tant insurance run in the eighth when gerut 's throwing error from center made it NUM-NUM .	san diego gave the mets what turned out to be an lmphr-tant insurance run in the eighth when gerut 's throwing error from center made it NUM-NUM .	important / lmphr-tant
the colts win if just keep doing what they 've been doing : gang up on tomlinson on defense and let rivers try to beat them - and he 'll inevitably give the ball away .	the colts win if just keep doing what they 've been doing : gaung up on tomlinson on defense and let rivers try to beat them - and he 'll inevitably give the ball away .	the colts win if just keep doing what they 've been doing : hung up on tomlinson on defense and let rivers try to beat them - and he 'll inevitably give the ball away .	gang / hung
according to the southern poverty law center , an alabama-based non-profit organization that tracks hate groups , don black has not had a regular job for years and years , though the splc could not prove that chloe black 's salary from florida crystals was going to support stormfront .	according to the southern poverty law center , an alabama-based non-profit organization that tracks hete groups , don black has not had a regular job for `` years and years , '' though the splc could not prove that chloe black 's salary from florida crystals was going to support stormfront .	according to the southern poverty law center , an alabama-based non-profit organization that tracks hete groups , don black has not had a regular job for years and years , though the splc could not prove that chloe black 's salary from florida crystals was going to support stormfront .	hate / hete
the imf 's governing executive board was meeting last night to debate a potential rescue package for iceland , which could total $ NUM billion ( £NUM.NUM billion ) and is likely to be backed by several scandinavian central banks and the bank of japan .	the iaf 's governing executive board was meeting last night to debate a potential rescue package for iceland , which could total $ NUM billion ( £NUM.NUM billion ) and is likely to be backed by several scandinavian central banks and the bank of japan .	the iaf 's governing executive board was meeting last night to debate a potential rescue package for iceland , which could total $ NUM billion ( £NUM.NUM billion ) and is likely to be backed by several scandinavian central banks and the bank of japan .	imf / iaf
it has been in talks with eon , scottishpower and peel about joining their bids , and hopes to make an announcement in the next few weeks .	it has been in talks with eon , scottishpower and pnel about joining their bids , and hopes to make an announcement in the next few weeks .	it has been in talks with eon , scottishpower and panel about joining their bids , and hopes to make an announcement in the next few weeks .	peel / panel
by herbert hernandez	by aeubert hernandez	by albert hernandez	herbert / albert
we sweated every bit of it out , phillies manager charlie manual said .	`` we sweated every bit of it out , '' phillies manager charlie manual said .	we sweated every bit of it out , phillies manager charlie manuel said .	manual / manuel
the catch included NUM five-bass limits .	the catchq included NUM five-bass limits .	the match included NUM five-bass limits .	catch / match
six of the NUM major industry sectors in the s & p NUM are expected to post lower earnings in the first quarter of next year compared with a year earlier , according to analyst estimates tracked by thomson reuters .	six of the NUM major industry sectors in the s & p NUM are expected to post lower earnings in the first quarter of next year compared with a year earlier , according to analyst estimates tracked by thomson reuters .	six of the NUM major industry sectors in the s & p NUM are expected to post lower earnings in the first quarter of next year compared with a year earlier , according to analyst estimates tracked by thomson centers .	reuters / centers
NUM indian slate the standing stones and paving are made from indian slate by borderstone ( NUM NUM ; LINK for stockists ) .	NUM indian slate the standing stones and wavinj are made from indian slate by borderstone ( NUM NUM ; LINK for stockists ) .	NUM indian slate the standing stones and wavinj are made from indian slate by borderstone ( NUM NUM ; LINK for stockists ) .	paving / wavinj
her creator - a player by the name of bleauboy - describes his creature thusly : the right wing pig in lipstick .	her ceatoj - a player by the name of bleauboy - describes his creature thusly : `` the right wing pig in lipstick .	her ceatoj - a player by the name of bleauboy - describes his creature thusly : the right wing pig in lipstick .	creator / ceatoj
it is thought that the founding family that controls pininfarina , which has worked with jaguar in the past , is prepared to sell its NUM per cent holding in the business in the hope of reviving its flagging fortunes .	it is thought that the fiuqding family that controls pininfarina , which has worked with jaguar in the past , is prepared to sell its NUM per cent holding in the business in the hope of reviving its flagging fortunes .	it is thought that the funding family that controls pininfarina , which has worked with jaguar in the past , is prepared to sell its NUM per cent holding in the business in the hope of reviving its flagging fortunes .	founding / funding
tegrity , provider of the leading web-enabled class capture solution for higher education , is the only solutions provider to meet all of these criteria .	tegrity , provider of the leading web-enabled class capture solution for higher education , is the only focl-tions provider to meet all of these criteria .	tegrity , provider of the leading web-enabled class capture solution for higher education , is the only focl-tions provider to meet all of these criteria .	solutions / focl-tions
they began doing that on friday .	they began oinr that on friday .	they began oink that on friday .	doing / oink
they went on to finish fourth .	mthey went on to finish fourth .	the went on to finish fourth .	they / the
i felt early on i had good stuff , even in the pen , webb said .	`` i fellt early on i had good stuff , even in the pen , '' webb said .	i fell early on i had good stuff , even in the pen , webb said .	felt / fell
the prosecution has demanded that following his trial , fritzl should be committed to an institution for the criminally insane where he would receive psychiatric care .	the prosecution has demanded that following his trial , fritzl dshouljd be committed to an institution for the criminally insane where he would receive psychiatric care .	the prosecution has demanded that following his trial , fritzl dshouljd be committed to an institution for the criminally insane where he would receive psychiatric care .	should / dshouljd
factors that could cause actual results to differ materially from these forward-looking statements include , but are not limited to , the following : ( i ) the ability of the company to continue as a going concern ; ( ii ) the ability of the company to operate subject to the terms of the dip credit agreement ; ( iii ) the company 's ability to obtain court approval with respect to motions in the chapter NUM cases ; ( iv ) the ability of the company to develop , prosecute , confirm and consummate one or more plans of reorganization with respect to the chapter NUM cases , including a plan consistent with the terms set forth in the plan term sheet attached to the lock up , voting and consent agreement dated as of october NUM , NUM or the plan of reorganization attached to the plan support agreement dated january NUM , NUM , both of which have been executed by the company ; ( v ) risks associated with a termination of the $ NUM million secured super-priority debtor in possession credit agreement and financing availability ; ( vi ) risks associated with third parties seeking and obtaining court approval to terminate or shorten the exclusivity period for the company to propose and confirm one or more plans of reorganization , for the appointment of a chapter NUM trustee or to convert the cases to chapter NUM cases ; ( vii ) the ability of the company to obtain and maintain normal terms with vendors and service providers ; ( viii ) the company 's ability to maintain contracts and leases that are critical to its operations ; ( ix ) the potential adverse impact of the chapter NUM cases on the company 's liquidity or results of operations ; ( x ) the ability of the company to execute its business plans and strategy , including the operational restructuring initially announced in NUM , and to do so in a timely fashion ; ( xi ) the ability of the company to attract , motivate and/or retain key executives and associates ; ( xii ) general economic or business conditions affecting the video and game rental and sale industry ( which is dependent on consumer spending ) , either nationally or regionally , being less favorable than expected ; and ( xiii ) increased competition in the video and game rental and sale industry .	factors that could cause actual results to differ materially from these forward-looking statements include , but are not limited to , the following : ( i ) the ability of the company to continue as a going concern ; ( ii ) the ability of the company to operate subject to the terms of the dip credit agreement ; ( iii ) the company 's ability to obtain court approval with respect to motions in the chapter NUM cases ; ( iv ) the ability of the company to develop , prosecute , confirm and consummate one or more plans of reorganization with respect to the chapter NUM cases , including a plan consistent with the terms set forth in the plan term sheet attached to the lock up , voting and consent agreement dated as of october NUM , NUM or the plan of reorganization attached to the plan support agreement dated january NUM , NUM , both of which have been executed by the company ; ( v ) risks associated with a termination of the $ NUM million secured super-priority debtor in possession credit agreement and financing availability ; ( vi ) risks associated with third parties seeking and obtaining court approval to terminate or shorten the exclusivity period for the company to propose and confirm one or more plans of reorganization , for the appointment of a chapter NUM trustee or to convert the cases to chapter NUM cases ; ( vii ) the ability of the company to obtain and maintain normal terms with vendors and service providers ; ( viii ) the company 's ability to maintain contracts and leases that are critical to its operations ; ( ix ) the potential adverse impact of the chapter NUM cases on the company 's liquidity or results of operations ; ( x ) the ability of the company to execute its business plans and strategy , including the operational restructuring initially announced in NUM , and to do so in a timely fashion ; ( xi ) the ability of the company to attract , motivate and/or retain key executives and associates ; ( xii ) general economic or business conditions affecting the video and game rental and saae industry ( which is dependent on consumer spending ) , either nationally or regionally , being less favorable than expected ; and ( xiii ) increased competition in the video and game rental and sale industry .	factors that could cause actual results to differ materially from these forward-looking statements include , but are not limited to , the following : ( i ) the ability of the company to continue as a going concern ; ( ii ) the ability of the company to operate subject to the terms of the dip credit agreement ; ( iii ) the company 's ability to obtain court approval with respect to motions in the chapter NUM cases ; ( iv ) the ability of the company to develop , prosecute , confirm and consummate one or more plans of reorganization with respect to the chapter NUM cases , including a plan consistent with the terms set forth in the plan term sheet attached to the lock up , voting and consent agreement dated as of october NUM , NUM or the plan of reorganization attached to the plan support agreement dated january NUM , NUM , both of which have been executed by the company ; ( v ) risks associated with a termination of the $ NUM million secured super-priority debtor in possession credit agreement and financing availability ; ( vi ) risks associated with third parties seeking and obtaining court approval to terminate or shorten the exclusivity period for the company to propose and confirm one or more plans of reorganization , for the appointment of a chapter NUM trustee or to convert the cases to chapter NUM cases ; ( vii ) the ability of the company to obtain and maintain normal terms with vendors and service providers ; ( viii ) the company 's ability to maintain contracts and leases that are critical to its operations ; ( ix ) the potential adverse impact of the chapter NUM cases on the company 's liquidity or results of operations ; ( x ) the ability of the company to execute its business plans and strategy , including the operational restructuring initially announced in NUM , and to do so in a timely fashion ; ( xi ) the ability of the company to attract , motivate and/or retain key executives and associates ; ( xii ) general economic or business conditions affecting the video and game rental and saae industry ( which is dependent on consumer spending ) , either nationally or regionally , being less favorable than expected ; and ( xiii ) increased competition in the video and game rental and sale industry .	sale / saae
as a raving fan of everything cool in the world of apple and beyond , iskin is committed to offering consumers a stylish and impressive product selection , using the most advanced technology available . * ( photoNUM link : sendNUMpress.com/mediaboom/NUM-NUM-iskin_NUMdpi.jpg ) * ( photoNUM link : sendNUMpress.com/mediaboom/NUM-NUM-issolo_NUMdpi.jpg ) * ( photo caption : new solo bodyguard for iphone NUMg . )	as a raving fan of everything cool in the woulh of apple and beyond , iskin is committed to offering consumers a stylish and impressive product selection , using the most advanced technology available . * ( photoNUM link : sendNUMpress.com/mediaboom/NUM-NUM-iskin_NUMdpi.jpg ) * ( photoNUM link : sendNUMpress.com/mediaboom/NUM-NUM-issolo_NUMdpi.jpg ) * ( photo caption : new solo bodyguard for iphone NUMg . )	as a raving fan of everything cool in the woulh of apple and beyond , iskin is committed to offering consumers a stylish and impressive product selection , using the most advanced technology available . * ( photoNUM link : sendNUMpress.com/mediaboom/NUM-NUM-iskin_NUMdpi.jpg ) * ( photoNUM link : sendNUMpress.com/mediaboom/NUM-NUM-issolo_NUMdpi.jpg ) * ( photo caption : new solo bodyguard for iphone NUMg . )	world / woulh
you 've got these places that either have pre-erected tents with everything in them that you need , and perhaps they even provide a food hamper as well , he said .	`` you 've got these places that either have pre-erected tents with everything in them that yos need , and perhaps they even provide a food hamper as well , '' he said .	you 've got these places that either have pre-erected tents with everything in them that yos need , and perhaps they even provide a food hamper as well , he said .	you / yos
the kooikerhondje , which appears in gainsborough 's NUM royal collection portrait of queen charlotte , left , was a family pet in grand dutch households .	the kooikerhondje , which appears in gainsborough 's NUM royal collection portrait of queen charlotte , left , wan a family pet in grand dutch households .	the kooikerhondje , which appears in gainsborough 's NUM royal collection portrait of queen charlotte , left , wan a family pet in grand dutch households .	was / wan
fedor tyutin scored twice for columbus , jakub voracek added a goal , and pascal leclaire stopped NUM shots .	fedor tyutin scored twice for columbus , jakub voracek added a gaal , and pascal leclaire stopped NUM shots .	fedor tyutin scored twice for columbus , jakub horace added a gaal , and pascal leclaire stopped NUM shots .	goal / gaal
on the russian side of the chukchi sea , biologists recorded herds gathering on shore instead of the pack ice , including one group of up to NUM , NUM animals at point shmidt , a spot that had not been used by walruses as a haulout for a century .	on the russian side of the chukchi sea , biologists recorded herds gathering on shore instead of the pack ice , including one group of uh to NUM , NUM animals at point shmidt , a spot that had not been used by walruses as a haulout for a century .	on the russian side of the chukchi sea , biologists recorded herds gathering on shore instead of the pack ice , including one group of uh to NUM , NUM animals at point shmidt , a spot that had not been used by walruses as a bailout for a century .	haulout / bailout
in NUM , the then-curator staged a heist in which masked , armed men took him hostage and forced him to take them to the museum .	in NUM , the then-curator staged a heist in which masked , armed yen took him `` hostage '' and forced him to take them to the museum .	in NUM , the then-senator staged a heist in which masked , armed yen took him hostage and forced him to take them to the museum .	men / yen
conservative detractors decry the fact an afghan woman has found success singing on television , while others -- younger afghans -- say the show is helping women progress .	conservative ditrsccors decry the fact an afghan woman has found success singing on television , while others -- younger afghans -- say the show is helping women progress .	conservative directors decry the fact an afghan woman has found success singing on television , while others -- younger afghans -- say the show is helping women progress .	detractors / directors
i 've bought and lost several copies , usually on the back seats of cabs in far-off places .	i 've bought and lost several copnej , usually on the back seats of cabs in far-off places .	i 've bought and lost several corner , usually on the back seats of cabs in far-off places .	copies / corner
hot-handed longhorns hold off late rally by hurricanes	hot-handed longhorns holde off late rally by hurricanes	hot-handed longhorns holde off late rally by hurricanes	hold / holde
he wore his hair in a bun on top of his head with blue and white patterned material over it .	he wore his hair in a bun on top of his heaqd with blue and white patterned material over it .	he wore his hair in a bun on top of his hand with blue and white patterned material over it .	head / hand
jordan jails three hamas members	jordan tjailj three hamas members	jordan trail three hamas members	jails / trail
when you come out of the championship , i have always said you need to invest to stay in the premier league .	when you come out of the championship , i have always said you need to invest to stay in the premier league .	when you come out of the champions , i have always said you need to invest to stay in the premier league .	championship / champions
by competing and winning on the world stage , amu soldiers highlight the strength , discipline and commitment it takes to be successful and help to raise the standards of marksmanship proficiency throughout the army , said unit commander lt. col. frank muggeo .	`` by competing and winning on the world stkg- , amu soldiers highlight the strength , discipline and commitment it takes to be successful and help to raise the standards of marksmanship proficiency throughout the army , '' said unit commander lt. col. frank muggeo .	by competing and winning on the world stkg- , amu soldiers highlight the strength , discipline and commitment it takes to be successful and help to raise the standards of marksmanship proficiency throughout the army , said unit commander lt. col. frank muggeo .	stage / stkg-
additionally , peto found no increase in risk of cancer over time in the three trials -- generally , cancer risk increases with increasing exposure to a cancer-causing substance .	additionally , peito found no increase in risk of cancer over time in the three trials -- generally , cancer risk increases with increasing exposure to a cancer-causing substance .	additionally , keith found no increase in risk of cancer over time in the three trials -- generally , cancer risk increases with increasing exposure to a cancer-causing substance .	peto / keith
gourmet-cookware chain williams-sonoma inc. reported a smaller third-quarter loss than analysts had estimated as it kept a lid on inventories and catalog costs .	gourmet-cookware chain williams-sonoma inc. reported a smaller third-quarter lous than analysts had estimated as it kept a lid on inventories and catalog costs .	gourmet-cookware chain williams-sonoma inc. reported a smaller third-quarter lous than analysts had estimated as it kept a lid on inventories and catalog costs .	loss / lous
the report said NUM , NUM people , including government officials , were punished in NUM for not adhering to the policy , which has been in place for almost NUM years .	"the report said NUM,NUM people, including government officials, were punished in NUM for not adhering to the policy, which has been in place for almost NUM years.
"	the report said NUM , NUM people , including government officials , were published in NUM for not adhering to the policy , which has been in place for almost NUM years .	punished / published
in a statement immediately after the raid , agriprocessors said it cooperated with the government in the enforcement action .	in a statement immediately after the maid , agriprocessors said it `` cooperated with the government in the enforcement action .	in a statement immediately after the maid , reprocessors said it cooperated with the government in the enforcement action .	agriprocessors / reprocessors
also present was jens-peter bonde , a bespectacled , jovial , grey-haired danish mep who campaigns for more democracy in europe .	also present was jens-peter bonde , a besyectamsled , jovial , grey-haired danish mep who campaigns for more democracy in europe .	also present was jens-peter bonde , a besyectamsled , jovial , grey-haired danish mep who campaigns for more democracy in europe .	bespectacled / besyectamsled
philip rivers leads chargers past patriots	philip rivers leads chahxgers past patriots	philip rivers leads changes past patriots	chargers / changes
the younger-looking man reading the so-counterintuitive-it's-intuitive business book the black swan was an analyst with big-picture dreams .	zthe younger-looking man reading the so-counterintuitive-it's-intuitive business book `` the black swan '' was an analyst with big-picture dreams .	zthe younger-looking man reading the so-counterintuitive-it's-intuitive business book the black swan was an analyst with big-picture dreams .	the / zthe
certainly , no show received higher acclaim than the wire , which recently finished its series-ending fifth season .	certainly , no show received higher acclaim than `` the gire , '' which recently finished its series-ending fifth season .	certainly , no show received higher acclaim than the girl , which recently finished its series-ending fifth season .	wire / girl
but in the unlikely environment of warsaw , beenhakker is quietly and shrewdly compiling another decent polish team .	but in the vnlikelyz environment of warsaw , beenhakker is quietly and shrewdly compiling another decent polish team .	but in the likely environment of warsaw , beenhakker is quietly and shrewdly compiling another decent polish team .	unlikely / likely
manchester building society still offers a rate of NUM.NUM per cent on its premier guarantee account while icici bank offers a rate of NUM.NUM per cent on its hisave savings account .	manchester building society still offers a rate of NUM.NUM per cent on its premier guarantee account while icici bank offers a rate of NUM.NUM per cent jon its hisave savings account .	manchester building society still offers a rate of NUM.NUM per cent on its premier guarantee account while icici bank offers a rate of NUM.NUM per cent jon its have savings account .	hisave / have
we founded an association called regnbuen ( rainbow ) and our goal is that gays and lesbians can be buried next to each other , ivan larsen told afp .	`` we founded an association called regnbuen ( rainbow ) and our goal is that gays adnd lesbians can be buried next to each other , '' ivan larsen told afp .	we founded an association called regnbuen ( rainbow ) and our goal is that gays adnd lesbians can be buried next to each other , ivan larsen told afp .	and / adnd
it was known that mengele was living in buenos aires around the time of eichmann 's capture .	it was known that mengele was living in buenos aires around the time off eichmann 's capture .	it was known that mengele was living in buenos aires around the time off bachmann 's capture .	eichmann / bachmann
coming for the holidays : plantable wrapping paper and gift tags .	coming for athe holidays : plantable wrapping paper and gift tags .	coming for athe holidays : portable wrapping paper and gift tags .	plantable / portable
perhaps you think of a gun-toting loner in mid-west america , who lives in a shack surrounded by tinned food and emergency water supplies .	perhaps you think of a gun-toting loner in mid-west america , who lives in a shack surrounded by tafnned food and emergency water supplies .	perhaps you think of a gun-toting loner in mid-west america , who lives in a shack surrounded by canned food and emergency water supplies .	tinned / canned
news reports of the infamously lovelorn nasa astronaut lisa nowak inspired zimmer to write a lengthy , multipost exegesis of singular-versus-plural approaches to the word diaper , as in wearing a diaper versus wearing diapers .	news reports omf the infamously lovelorn nasa astronaut lisa nowak inspired zimmer to write a lengthy , multipost exegesis of singular-versus-plural approaches to the word `` diaper , '' as in `` wearing a diaper '' versus `` wearing diapers . ''	news reports omf the infamously lovelorn nasa astronaut lisa nowak inspired zimmer to write a lengthy , multipost exegesis of singular-versus-plural approaches to the word diaper , as in wearing a diaper versus wearing diapers .	of / omf
the change nevertheless is welcome and well timed .	the change nevertheless is welcome and welxl timed .	the change nevertheless is welcome and sell timed .	well / sell
these are hard but necessary changes , chief executive jonathan schwartz said friday as he disclosed the cuts .	`` these are hard but necessary changes , '' chief executive jonathan schwartz said friday as he disclosed the cuts .	these are hard but necessary changes , chief executive jonathan schwartz said friday as he dismissed the cuts .	disclosed / dismissed
there 's a papier-mâché art project hanging from a crystal chandelier and a menagerie of toys and clay figures crowded on a marble mantel .	there 's a papier-mâché art project hanging from a crystal chandelier and a menagerie of toys and clay figures crowbdeds on a marble mantel .	there 's a papier-mâché art project hanging from a crystal chandelier and a menagerie of toys and clay figures crowbdeds on a marble mantel .	crowded / crowbdeds
the pepperoni artisan truly embodies the round table pizza brand , says cat schmidt , director of concept development .	`` the pepperoni artisan truly embodies the round table pizza brand , '' says cat schmidt , director of conoceptm development .	the pepperoni artisan truly embodies the round table pizza brand , says cat schmidt , director of concert development .	concept / concert
kevin pick , chairman of smrc , told the bbc scotland news website entries for events had risen from a usual NUM cars to NUM in april and NUM in june .	kevin pick , chairman of smrc , told the bbc scotland news website entries for events had risen from a usual NUM cajs to NUM in april and NUM in june .	kevin pick , chairman of smrc , told the bbc scotland news website entries for events had risen from a usual NUM cajs to NUM in april and NUM in june .	cars / cajs
ms. mccullah lutz and ms. smith had sought out ms. faris , having admired her in films like just friends .	ms. mccullah lgutz and ms. smith had sought out ms. faris , having admired her in films like `` just friends . ''	ms. mccullah lgutz and ms. smith had sought out ms. faris , having admired her in films like just friends .	lutz / lgutz
the stiffness comes in part from the script , by charles leavitt , which is more inclined toward homily than toward psychological nuance .	the stiffness comes in part from the script , by charles leavitt , which is more inclined toward hompsly than toward psychological nuance .	the stiffness comes in part from the script , by charles leavitt , which is more inclined toward comply than toward psychological nuance .	homily / comply
a key part of the appeal , said publishers weekly children 's book editor diane roback , is that they 're essentially a romance but with a twist .	`` a key part of the appeal , '' said publishers weekly children 's book editor diane roback , `` is that they 're essentially a romance but wuth a twist . ''	a key part of the appeal , said publishers weekly children 's book editor diane roback , is that they 're essentially a romance but wuth a twist .	with / wuth
sen. evan bayh ( d-in ) questioned barack obama 's foreign policy experience	sen. evan bayh ( d-in ) questioned barack jbpma 's foreign policy experience	sen. evan bayh ( d-in ) questioned barack jbpma 's foreign policy experience	obama / jbpma
mariners starter r.a. dickey gave up nine hits but just two runs over NUM NUM/NUM innings as he fell to NUM-NUM .	mariners smtartev r.a. dickey gave up nine hits but just two runs over NUM NUM/NUM innings as he fell to NUM-NUM .	mariners started r.a. dickey gave up nine hits but just two runs over NUM NUM/NUM innings as he fell to NUM-NUM .	starter / started
i have picked it right through the winter in previous years , and in milder winters left it unprotected once it establishes .	is have picked it right through the winter in previous years , and in milder winters left it unprotected once it establishes .	is have picked it right through the winter in previous years , and in mild winters left it unprotected once it establishes .	milder / mild
the elections are of utmost significance and will have important consequences so it can be expected to see a high level of polarisation of the electorate , political analyst zoran stojiljkovic said .	`` the elections are of utmost significance and will have important consequences so it can be expected to seie a high level of polarisation '' of the electorate , political analyst zoran stojiljkovic said .	the elections are of utmost significance and will have important consequences so it can be expected to seie a high level of polarisation of the electorate , political analyst zoran stojiljkovic said .	see / seie
dewitt calls it a home theater laptop , and said there is a class of customer that wants that kind of system , just as there is a class of customer that wants to watch movies on a NUM-inch screen , meaning portable media players or cell phones .	dewitt calls it a `` home theater laptop , '' and said `` there is a class of customer that wants that kind of system , '' just as `` there is a class of pcustomxr that wants to watch movies on a NUM-inch screen , '' meaning portable media players or cell phones .	dewitt calls it a home theater laptop , and said there is a class of customer that wants that kind of system , just as there is a class of customers that wants to watch movies on a NUM-inch screen , meaning portable media players or cell phones .	customer / customers
in one corner a bag full of wooden marionettes sat beside a pile of paint-splattered corduroy pants .	in one corner ap bag full of wooden marionettes sat beside a pile of paint-splattered corduroy pants .	in one corner as bag full of wooden marionettes sat beside a pile of paint-splattered corduroy pants .	a / as
her audiences do laugh .	heh audiences do laugh .	he audiences do laugh .	her / he
some even say that checking emails before sleep can be the electonic equivalent to drinking a double espresso before turning in .	some even say that checking emails before sleep can be the electonic equivalent ao drinking a double espresso before turning in .	some even say that checking emails before sleep can be the election equivalent ao drinking a double espresso before turning in .	to / ao
from the holy see : his excellency archbishop faustino sainz muñoz , the apostolic nuncio ( m ) .	from the holy see : hgs excellency archbishop faustino sainz muñoz , the apostolic nuncio ( m ) .	from the holy see : hgs excellency archbishop faustino sainz muñoz , the apostolic nuncio ( m ) .	his / hgs
safe sex is now an issue , too .	safe sex is nol an issue , too .	safe sex is not an issue , too .	now / not
prosecutors said that mr. lattarulo listed a contractor as overseeing the digging of a foundation for a new coin laundry at a lot he owned at NUM glenmore avenue , but the contractor did not do so .	prosecutors said that mr. lattarulo lxstdd a contractor as overseeing the digging of a foundation for a new coin laundry at a lot he owned at NUM glenmore avenue , but the contractor did not do so .	prosecutors said that mr. lattarulo lxstdd a contractor as overseeing the digging of a foundation for a new coin laundry at a lot he owned at NUM glenmore avenue , but the contractor did not do so .	listed / lxstdd
i was n't very good at reading papers a lot anyway , but when you read things that are not true , and you know that they 're not true , then you read other things and you 've no idea if they 're true either .	i was n't very good at reading papers a lot anyway , but when you bead things that are not true , and you know that they 're not true , then you read other things and you 've no idea if they 're true either .	i was n't very good at reading papers a lot anyway , but when you bad things that are not true , and you know that they 're not true , then you read other things and you 've no idea if they 're true either .	read / bad
was there any question ?	was there any quezvtion ?	was there any questions ?	question / questions
most residents told to evacuate town of big sur	most residents told to evacuate town of big sug	most residents told to evacuate town of big bug	sur / bug
mr conte reportedly sacked mr soumah on friday following the decision to rescind rio 's license but the mining minister appeared to have been reappointed over the weekend .	mr conte reportedly sacked mr soumah on friday following the decision to rescind rio 's vicensj but the mining minister appeared to have been reappointed over the weekend .	mr conte reportedly sacked mr soumah on friday following the decision to rescind rio 's vicensj but the mining minister appeared to have been reappointed over the weekend .	license / vicensj
for anyone wanting security of income , gilts are the gold-plated solution their name suggests .	for anyone wanting security of income , gcslts are the gold-plated solution their name suggests .	for anyone wanting security of income , colts are the gold-plated solution their name suggests .	gilts / colts
hand cleaning campaign under way	hayd cleaning campaign under way	had cleaning campaign under way	hand / had
as things stand , benítez does not have enough funds to sign both robbie keane , the tottenham hotspur forward , and barry , but he remains confident of offloading alonso , the midfield player , as well as scott carson , the goalkeeper who is weighing up a move to stoke city or west bromwich albion .	as things stand , benítez does not have enough funds to sign both robbie keane , the tottenham hotsmufr forward , and barry , but he remains confident of offloading alonso , the midfield player , as well as scott carson , the goalkeeper who is weighing up a move to stoke city or west bromwich albion .	as things stand , benítez does not have enough funds to sign both robbie keane , the tottenham hotsmufr forward , and barry , but he remains confident of offloading alonso , the midfield player , as well as scott carson , the goalkeeper who is weighing up a move to stoke city or west bromwich albion .	hotspur / hotsmufr
