gold	corrupted
"Многие в Руанде считают ее героем.
"	мновиел в руанде считают ее героем .
"Я бы назвал в основном такие свидетельства, которые звучат сейчас из уст президента Саакашвили.
"	я бы назвал в основном такие свидетельства , которые звучат сейучаш из уст президента саакашвили .
"За день до этого демонстранты блокировали в Банкгоке здание парламента и ряда министерств.
"	за день до этого демонстранты блокировали в банкгоке здание парламента иц ряда министерств .
"Какое демографическое будущее ждет Европу?
"	ракоте демографическое будущее ждет европу ?
"Они стреляли не из автоматов, а из тяжелого оружия.
"	они стреляли не из автоматов , а из тяжелгоуо оружия .
"Франция, Польша и Испания построят ветряные парки к 2015 году.
"	франция , польша и испания построят ветряные парки к NUM годку .
"Меньше субсидий фермерам, больше затрат на защиту окружающей среды
"	меньше субсидий жфермераям , больше затрат на защиту окружающей среды
"После принятия закона в ближайшие 4 года расходы на образование сократятся на 8 миллиардов евро.
"	после принятия закона кв ближайшие NUM года расходы на образование сократятся на NUM миллиардов евро .
"Как отмечает газета ""Коммерсант"", ""Глобэкс"" стал первым крупным банком, который в условиях финансового кризиса пошел на такую меру.
"	как отмечает газета `` коммерсант '' , `` глобэкс '' стал первым крупным банком , который в условиях финансового кризиса плшеъ на такую меру .
"Наибольшее число разочарованных властями - 88% - оказалось в Египте.
"	наибольшее число разочарованных влацптями - NUM % - оказалось в египте .
"В Секторе Газа прекратила работу электростанция
"	в секторе газд прекратила работу электростанция
"Тем не менее, представитель ""Газпрома"" не уточнил, в какой суд и когда будет подан иск.
"	тем не менее , представитель `` газпрома '' не уточнил , в какэи суд и когда будет подан иск .
"В третьей фразе про фильм ""Тауэлхед"" -...
"	в третьей фразе прфо фильм `` тауэлхед '' - ...
"Глава концерна Алан Муллали заявил, что будет работать за символический 1 доллар в год, если государство поможет Ford.
"	глава концерна алан мпулларли заявил , что будет работать за символический NUM доллар в год , если государство поможет ford .
"Отвечая на вопрос, правда ли премьер-министр пообещал ""подвесить Саакашвили за одно место"" за действия Тбилиси против Южной Осетии, Путин сказал: ""Почему за одно?"".
"	отвечая на вопрос , правда ли премьер-министр пообещал `` подвесить саакашвили за одно место '' за действия тбилиси против южной осетии , птотин сказал : `` почему за одно ? `` .
"Наш подход должен быть более глобальным.
"	наш подход яолжчн быть более глобальным .
"Он перестал видеть панель управления и подал сигнал о помощи"", - рассказывал позже военный авиадиспетчер Энди Хинд.
"	он перестал видеть панель управления и пддхл сигнал о помощи '' , - рассказывал позже военный авиадиспетчер энди хинд .
"Жительница расположенного неподалеку села Дзриа рассказала корреспонденту, что чуть менее половины (400 из 1000) грузин, проживавших в Переви, покинули свои дома.
"	жительница расположенного неподалеку села дзриа рассказала корреспонденту , что чуть менее половины ( NUM из NUM ) грузин , проживавших в переви , покинули свои дпма .
"Начало процесса над ультранационалистами в Турции
"	начало процесса над ультранационалистами в турцичик
"Британский предприниматель утверждает, что Попков запустил свой сайт спустя 16 дней после увольнения из компании, в которой он проработал около 7 лет.
"	британский предприниматель утверждает , что попков запустил свой сайт спустя NUM дней после увошьъенифя из компании , в которой он проработал около NUM лет .
"Речь идет о сокращении прямой финансовой помощи фермерам при увеличении дотаций в общую программу развития аграрного сектора и в решение экологических проблем.
"	речь идет о сокращении прямой финансовой помощи фермерам при увеличении дотацбижй в общую программу развития аграрного сектора и в решение экологических проблем .
"В будущем году Ватикан планирует ввести оплату труда в соответствии с качеством работы служащих.
"	в будущем году ьатикап планирует ввести оплату труда в соответствии с качеством работы служащих .
"И все здесь происходит в неразрывной связи с текущей ситуацией.
"	и все здесь происходит вд неразрывной связи с текущей ситуацией .
"В 2004 году премия досталась украинцу Андрею Шевченко.
"	в NUM году премия тдмойсталась украинцу андрею шевченко .
"""Мой подход сводится к необходимости контроля над государственными расходами"", - пояснил кандидат-республиканец.
"	"""мой подход сводится к необходимости контроля над государственными расходами"", - пояснил кандидат-республиканец.
"
"Несколько десятков арабов забросали камнями блокпост ЦАХАЛа на площади Кикар А-Шотэр в Хевроне.
"	несколько десятков арабов забросали камнями ъшлокпост цахала на площади кикар а-шотэр в хевроне .
"Барак Обама снова призывает к переменам
"	барак обама сншовъа призывает к переменам
"""Левый фронт"" выступает за советскую модель государственного самоуправления с реальным содержанием"", - сказал он.
"	`` левый фронт '' выступает за советскую модель государственного сачоупрхвбления с реальным содержанием '' , - сказал он .
"Здоровье Ким Чен Ира все еще под вопросом
"	здоровье ким чен ира все еще под вопросом
"Лидер либералов Стефан Дион уже признал поражение своей партии.
"	лицчер либералов стефан дион уже признал поражение своей партии .
"Эксперты полагали, что несомненное замедление развития европейской экономики скажется на рынке труда позже, в начале будущего года.
"	эксперты полагали , что несомненное замедление развития европейской эщонтсики скажется на рынке труда позже , в начале будущего года .
"Родом с Сириуса
"	йродо с сириуса
"Главное - сделать это еще до того, как появится конкретная угроза.
"	главное - сделать это еще до того , как появитхсб конкретная угроза .
"Он стал наследником престола в 3-летнем возрасте, а в 1969 году в замке Карнарвон в Уэльсе королева возложила на голову сына венец принца Уэльского.
"	он стал наследником престола в NUM-летнем возрнссте , а в NUM году в замке карнарвон в уэльсе королева возложила на голову сына венец принца уэльского .
"Выяснилось, что в Ледовом хоккейном центре Чехова нет своей кареты скорой помощи, а это, как указывают эксперты, противоречит регламенту российской Континентальной хоккейной лиги.
"	выяснилось , что в ледовом хоккейном центре чехова нет своей кареты скорой помощи , а это , эак указывают эксперты , противоречит регламенту российской континентальной хоккейной лиги .
"Манифестация прошла на фоне обсуждения поправок к программе парламентской комиссией по экологии.
"	манифестация прэшбла на фоне обсуждения поправок к программе парламентской комиссией по экологии .
"Соглашение о перемирии вступило в силу 12 мая 1994 года.
"	соглашение о перемирии вступило ев силу NUM мая NUM года .
"Исламисты мотивировали преступные действия намерением противостоять распространению христианства в Афганистане.
"	исламисты мотивировали преступные действия намерением противостоять распространению щхдристижнства в афганистане .
"stayintheshadows
"	"stayintheshadows
"
"Отчет касается только членов ОЭСР (Россия в него не входит).
"	отчет касается только членов ооср ( россия в него не входит ) .
"Три недели, чтобы добиться согласия по ""климатическому пакету""
"	три недели , чтобы добиться согласия пео `` климатическому пакету ''
"Сегодня участники картеля добывают 32,8 млн. баррелей нефти в сутки, что превышает официальные квоты.
"	сегодня участники картеля добывают NUM , NUM мюлн . баррелей нефти в сутки , что превышает официальные квоты .
"Он лауреат премий Адама Смита за 1995 год и Ректенвальда за 2000 год.
"	он лдчреат премий адама смита за NUM год и ректенвальда за NUM год .
"Сборная Украины опустилась с 19-го на 20-е место.
"	"сборная украины опустилась с NUM-го на NUM-е место.
"
"Главой совета по экономическим вопросам при Белом доме станет Лоуренс Саммерс.
"	главой совета по экономическим вопросам цри белом доме станет лоуренс саммерс .
"Ледники - ученые бьют тревогу
"	ледники - ученые бьют цревосу
"Это настоящая дискриминация!
"	эщо настоящая дискриминация !
"Представители Франции, председательствующей в ЕС, подготовили компромиссный текст, в котором пытаются примирить позиции двух лагерей.
"	представители франции , председательствующей в ес , подготовили компромиссный текст , в котором пытаются примирить пощивции двух лагерей .
"Должна решить буквально сегодня, забирать вклад или нет.
"	должна рзшзть буквально сегодня , забирать вклад или нет .
"Элен Диженерес начала свою телевизионную карьеру в 1997 году и стала первой ведущей американского ТВ, открыто позиционирующей себя как лесбиянка.
"	элен диженерес начала свою телевизионную карьеру в NUM году и стала первой ведлущлей американского тв , открыто позиционирующей себя как лесбиянка .
"Аргентинская футбольная ассоциация пока не делала никаких заявлений по поводу переговоров с Марадоной.
"	аргентинская футбольная ассоциация пока не делала никаких заявлений по поьодуз переговоров с марадоной .
"В ближайшее время в странах Евросоюза пройдут более 500 мероприятий, связанных с трудостройством: ярмарок вакансий, семинаров, дней открытых верей.
"	в ближайшее вреёся в странах евросоюза пройдут более NUM мероприятий , связанных с трудостройством : ярмарок вакансий , семинаров , дней открытых верей .
"Единственный захваченный живым участник терактов в Мумбаи, уроженец города Фаридкот в провинции Пенджаб на юге Пакистана, 21-летний Азам Амир Касаб, дал показания индийским следователям.
"	единственный захваченный живым участник терактов в мумбаи , уроженец города фаридкот в провинции пенджаб на ъге пакистана , NUM-летний азам амир касаб , дал показания индийским следователям .
"Источники сообщают, что глава Renault-Nissan Карлос Гон направил свое предложение главному акционеру Chrysler, инвестиционному фонду Cerberus и что гендиректор фонда Стивен Фейнберг на сделку в принципе согласен.
"	источники сообщают , что глава renault-nissan карлос гон направил свое предложение глнвнчму акционеру chrysler , инвестиционному фонду cerberus и что гендиректор фонда стивен фейнберг на сделку в принципе согласен .
"Она представляет левое крыло социалистов.
"	онк представляет левое крыло социалистов .
"Повстанцы тутси в последние дни взяли под свой контроль новые территории на востоке страны, вынудив правительственные войска к отступлению.
"	повстанцы лтутсжи в последние дни взяли под свой контроль новые территории на востоке страны , вынудив правительственные войска к отступлению .
"Новость об этих назначениях, несмотря на то, что никаких официальных заявлений пока не было, произвела позитивное воздействие на фондовые рынки.
"	новость об этих назначениях , несмотря на то , что никаких официальных заявлений пока не было , произвела позитивное вяотздейсгвие на фондовые рынки .
"В долгосрочной перспективе это невозможно.
"	в долгосрочной перспективе это эневгезможно .
"Именно он вдохновил Михаила Горбачева поддержать объединение Германии.
"	ммкнно он вдохновил михаила горбачева поддержать объединение германии .
"Это первое происшествие такого рода после отстранения от должности президента Ингушетии Мурата Зязикова 30 октября этого года.
"	это первое происшествие такого рода после отстэршненуия от должности президента ингушетии мурата зязикова NUM октября этого года .
"По его словам, необходимо, чтобы уже с 28 ноября компании платили налоги на основе фактической прибыли и ""не кредитовали бесплатно государство"".
"	по его словам , необходимо , чтобы уже  NUM ноября компании платили налоги на основе фактической прибыли и `` не кредитовали бесплатно государство '' .
"Впервые за годы, проведенные за решеткой, он дал телефонное интервью, причем сделал это без ведома властей, за что был переведен в одиночную камеру и лишен телефонной связи и возможности принимать визитеров.
"	впервые за годы , проведенные за решеткой , он дал телефонное интервью , причем сделал это без ведома властей , за что был переведен в одиночную камеру и лишен елбефоннов связи и возможности принимать визитеров .
"Но с другой стороны, Китай мировая держава, мы нуждаемся в Китае для заключения соглашения об изменении климата.
"	но с другой стороны , китай мировая держава , мы нуждаемся д китае для заключения соглашения об изменении климата .
"Неправда, что свободная экономика и рыночные отношения в плане конкуренции, высвобождения возможностей человека - это плохо.
"	неправда , что свободная экономика и рыночные отношения в плане конкуренции , высвобождения возможностей человека - этх плохо .
"По данным опросов, Берлускони по-прежнему популярен
"	по данным опросов , берлускони по-прежнему пьифпулярен
"По замыслу Брюсселя, страны ЕС должны выделить сумму, равную 1,2% своего ВВП.
"	по замыслу брюсселя , страны ес должны выделить сумму , рдавнуюн NUM , NUM % своего ввп .
"Но опыт и слава часто сопровождаются грузом испорченных в прошлом личных отношений и конфликтами интересов.
"	но опыт ви слава часто сопровождаются грузом испорченных в прошлом личных отношений и конфликтами интересов .
"Чтобы справиться с возникающими в экономике проблемами, правительство КНР ввело ряд временных мер, включающих снижение налогов и увеличение инвестиций в инфраструктуру.
"	чтобы справиться с возникающими в экономике проблемами , правительство кнр ввело ряд временных меф , включающих снижение налогов и увеличение инвестиций в инфраструктуру .
"Генерал-губернатор Канады Микаэль Жан удовлетворила просьбу премьер-министра
"	генерал-губернатор канады микаэль жан удовлетворила пиосьбж премьер-министра
"В состав миссии, которая официально называется Миссия в области верховенства закона, войдут полицейские, судьи, прокуроры и таможенники.
"	в состав миссии , которая официально называется миссия в области верховелева закона , войдут полицейские , судьи , прокуроры и таможенники .
"Это - как минимум.
"	это - кадк минимум .
"Новая лента Дэнни Бойла - на этот раз знаменитый режиссер, постановщик знаменитого ""Пляжа"" и ""Трейнспотиннга"", обращается к истории, случившейся с...
"	новая лента дэнни бойла - на этот раз знаменитый режиссер , постановщик знаменитого `` пляжа '' и `` трейнспотиннга '' , обращается к истории , слубившшяйся с ...
"В Швейцарии в воскресенье прошел референдум по пяти вопросам, один из которых, по предварительным результатам, уже получил положительную оценку.
"	в швейцарии в воскресенье прошел референдум по пяти вопросам , один из которых , по предварительным результатам , уже ьполэчил положительную оценку .
"В Мадриде открылась выставка работ Эдгара Дега
"	в мадриде открылась выставка рабьжт эдгара дега
"Как сделать так, чтобы граждане там не испытывали неудобств, какой должна быть новая региональная политика Европы?
"	как сделать так , чтобы граждане там не испытывали неудобств , какой долтана быть новая региональная политика европы ?
"По словам аналитика потребительского рынка Фрейзера Рамзана, сейчас все делается для того, чтобы люди приступили к своим рождественским покупкам как можно раньше.
"	бо словам аналитика потребительского рынка фрейзера рамзана , сейчас все делается для того , чтобы люди приступили к своим рождественским покупкам как можно раньше .
"В Париже также были установлены большие мониторы, и сторонники кандидата-демократа уже после объявления о первых успехах начали праздновать победу.
"	в париже также были установлены большие мониторы , и сторонники кандидата-демократа уже после объявления оу первых успехах начали праздновать победу .
"Пэйлин также крайне неубедительно отвечала на вопросы о финансовом пакете, направленном на стабилизацию американской экономики.
"	пэйлин также крайне неубедительно отвечала на вопросы о финансовом пакете , направленном уа стабилизацию американской экономики .
"Лидер консерваторов Дэвид Камерон выступил в защиту своего министра.
"	лищдедр консерваторов дэвид камерон выступил в защиту своего министра .
"Эксперты CBI полагают, что в 2009 году объем производства сократится на 1,7%.
"	эксперты cbi полагают , что в NUM году объем производства сокралигтсэ на NUM , NUM % .
"Речь идет о возможных санкциях в отношении ""ЛУКОЙЛа"", ""Газпром нефти"", ТНК-BP, ""Роснефти"" и ""Сургутнефтегаза"".
"	речь идет и возможных санкциях в отношении `` лукойла '' , `` газпром нефти '' , тнк-bp , `` роснефти '' и `` сургутнефтегаза '' .
"Если данные четвертого квартала будут такими же неутешительными, можно будет говорить о рецессии.
"	если данные четвертого квартала будут такими йже неутешительными , можно будет говорить о рецессии .
"Правительства многих западных стран ранее заявили о выделении сотен миллиардов долларов для поддержания стабильности своих экономик.
"	правительства многих западных стран ранее заявили т выделении сотен миллиардов долларов для поддержания стабильности своих экономик .
"Тем не менее не стоит забывать, что события на Кавказе - не единственный спорный вопрос в отношениях России и США.
"	"тем не менее не стоит забывать, что события на кавказе - не единственный спорный вопрос в отношениях россии и сша.
"
"15 проголосовали против, 10 воздержались.
"	NUM проголосовали прггив , NUM воздержались .
"Еще семь человек погибли во время второго ракетного удара, нанесенного в Южном Вазиристане.
"	еще семь человек погибли во время вдтородго ракетного удара , нанесенного в южном вазиристане .
"Саакашвили возложил вину за инцидент на российских военных.
"	саакашвили возжожиф вину за инцидент на российских военных .
"Таким образом ученые испытывают новый класс материалов, известных как интерметаллические и обладающих привлекательным разнообразием механических и химических свойств.
"	таким образом ученые испытывают новый щкяласс материалов , известных как интерметаллические и обладающих привлекательным разнообразием механических и химических свойств .
"На оттепель в отношениях Вашингтона и Тегерана надеются и граждане Ирана.
"	на оттепель в отношениях вашингтона и тегерана надеютсйся и граждане ирана .
"В результате, это что-то вроде... воображения ребенка.
"	в результате , этож что-то вроде ... воображения ребенка .
"В случае, если третий позиционный район будет физически создан, одной из физических мер будет размещение комплексов ""Искандер"" в Калининградской области"", - заявил Лавров на пресс-конференции.
"	в случае , если третий позиционный район будет физически йсозчдан , одной из физических мер будет размещение комплексов `` искандер '' в калининградской области '' , - заявил лавров на пресс-конференции .
"С тех пор он прошел все судебные инстанции и теперь надеется на решение Высшего аппеляционного суда.
"	с тех пор он прошел все судебные инстанции и йвеперь надеется на решение высшего аппеляционного суда .
"По его словам, в течение следующего года ведомство планирует создать картотеку лиц, которым было отказано в приеме на службу или на учебу - в частности, в связи с употреблением наркотиков или криминальным прошлым.
"	пйо его словам , в течение следующего года ведомство планирует создать картотеку лиц , которым было отказано в приеме на службу или на учебу - в частности , в связи с употреблением наркотиков или криминальным прошлым .
"Нам пока далеко до выхода из тупика.
"	нам пока далеко одо выхода из тупика .
"Врачи считают, что элементарное мытье рук с мылом могло бы в разы сократить это число.
"	врачи считают , что элементарное мытье рук б мылом могло бы в разы сократить это число .
"По поступающим сообщениям, в Гвинее-Бисау в целом спокойно, но на улицах Бисау дежурят военные патрули.
"	по чпошстипающим сообщениям , в гвинее-бисау в целом спокойно , но на улицах бисау дежурят военные патрули .
"И только такие отношения, безусловно, имеют перспективу между Россией и Белоруссией.
"	и только такие отношения , безусловно , имеют перспективу между россией и беплорусссеа .
"Уже несколько дней они не могут вылететь домой из двух аэропортов Бангкока.
"	уже нескъолькод дней они не могут вылететь домой из двух аэропортов бангкока .
"В то же время они решили не предоставлять Грузии и Украине планов действий для членства в НАТО.
"	св то же время они решили не предоставлять грузии и украине планов действий для членства в нато .
"Главной темой повестки дня был, конечно же, финансовый кризис.
"	главной темой повестки дня был , чконечнр же , финансовый кризис .
"Большое жюри Техаса обвинило вице-президента США Дика Чейни в ""организованной преступной деятельности"", связанной с нарушениями прав человека в частных тюрьмах.
"	большое жюри техаса обвинило вице-президента сша дика чейни в `` организованной преступной деятельности '' , связанной с нарушениями прав человека в частных етюрьмахр .
"Из публикаций следует, что бывший президент страны Жак Ширак в годы своего пребывания на посту главы государства прибегал к услугам разведки для поиска информации, компрометирующей его оппонентов.
"	из публикаций следует , что бывший президент страны жак ширак в годы своего пребывания на посту главы государства прибегал к услугам сразвждки для поиска информации , компрометирующей его оппонентов .
"В числе погибших числятся по меньшей мере 17 иностранцев.
"	вш числе погибших числятся по меньшей мере NUM иностранцев .
"Проект соглашения предусматривает вывод войск США к 2011 году, если правительство Ирака не выступит с просьбой о продлении срока пребывания.
"	проект соглашения предусматривает вывод войск сша к NUM году , если правительство сракч не выступит с просьбой о продлении срока пребывания .
"Президенты Армении и Азербайджана встретятся в Москве
"	президенты армении и азербайджана встретятся в могъве
"Среди погибших шестеро иностранцев, в том числе один японец и один итальянец.
"	среди погибших шестеро иностранцев , в том числе одзн японец и один итальянец .
"Салим Хамдан был захвачен в Афганистане в ноябре 2001 года.
"	салим хамдан был захвачен в афганиостуфе в ноябре NUM года .
"На ""Фаине"" находятся 33 танка Т-72, реактивные системы залпового огня и другое вооружение, поставляемое Украиной по линии военно-технического сотрудничества.
"	на `` фаине '' находятся NUM танка т-NUM , реактивные системы залпового огнфя и другое вооружение , поставляемое украиной по линии военно-технического сотрудничества .
"Кризис бизнес-модели инвестиционных банков в США оставил на рынке только двоих - Morgan Stanly и Goldman Sachs.
"	кризис бизнес-модели инвестиционных баанщов в сша оставил на рынке только двоих - morgan stanly и goldman sachs .
"Обама собирает рекордную сумму в свои предвыборные фонды и получает поддержку Пауэлла
"	ебамжа собирает рекордную сумму в свои предвыборные фонды и получает поддержку пауэлла
"В сентябре 1977 боевики похищают председателя Союза предпринимателей ФРГ Ганса-Мартина Шлейера и требуют освобождения старших товарищей.
"	в сентябре NUM боевики похищают предхедаьеля союза предпринимателей фрг ганса-мартина шлейера и требуют освобождения старших товарищей .
"Самые скромные потери - 3% - понесла в среду биржа Лиссабона, чемпионом оказался лондонский ""Футси""-100, упавший на 7,1%.
"	самые скромные потери - NUM % - понесла л среду биржа лиссабона , чемпионом оказался лондонский `` футси '' -NUM , упавший на NUM , NUM % .
"Дмитрий Козак курирует в руководстве России подготовку к Олимпиаде
"	дмитрий козак курирует в руководстве россии поджгооовкуа к олимпиаде
"Вместе с Тэмми Дакворт, которая потеряла в Ираке ноги, и которая, видимо, сменит его на посту сенатора от штата Иллинойс, Обама возложил венок к военному мемориалу в Чикаго.
"	вместе с тэмми дакворт , которая потеряла в ираке ноги , и которфця , видимо , сменит его на посту сенатора от штата иллинойс , обама возложил венок к военному мемориалу в чикаго .
"Решение необходимо найти до декабрьского саммита ЕС.
"	решение необходимо найти до депабрьсдкорго саммита ес .
"""Глайдер"" изучит связь подводных процессов с глобальным потеплением
"	`` глайдер '' изучит свядзпь подводных процессов с глобальным потеплением
"Об аудиенции у папы рассказал раввин Давид Розен, возглавляющий делегацию Международного еврейского комитета по межрелигиозным консультациям.
"	об аудиенции у папы рассказал раввин давид розен , возглавляющий делегацию межбундрощдного еврейского комитета по межрелигиозным консультациям .
"Если этого не делать, они будут обречены на живтоное существование.
"	если этого не делахдь , они будут обречены на живтоное существование .
"Смена ингушского президента, по словам оппозиционеров, - первый признак появления этой политической воли.
"	смена ингушского президента , по словам цппотзиционероэ , - первый признак появления этой политической воли .
"Тем временем кандидат на пост президента США от республиканцев Джон Маккейн продолжил свою предвыборную кампанию и выступил на митинге в Клорадо.
"	тем временем кандидат на пост президента сша от республиканцев джон маккейн продолжил свою предвыборную кампанию и выступил на митинге ви клорадо .
"В этом получасовом фильме, который обошелся Обаме как минимум в 4 миллиона долларов, демократический кандидат, в частности, вновь повторил обещание снизить налоги пообещал создать новые рабочие места.
"	в этом получасовом фильме , который обошелся обаме как минимум в NUM миллиона долларов , демократический кандидат , в частности , вновь пйвтомрил обещание снизить налоги пообещал создать новые рабочие места .
"Таким финалом судебного разбирательства удивлены все - даже сам Монтес.
"	таким финалом судебного разбирательства удивлены все - даже сам лмонтьс .
"Стражи порядка применили слезоточивый газ, шоковые гранаты и резиновые пули
"	стражи порядка применили слезоточивый фаз , шоковые гранаты и резиновые пули
"Митинг сторонников республиканца начнется вечером и будет проходить в пятизвездочной гостинице класса люкс Билтмор в центре Феникса.
"	митинг сторонников республиканца начнется вечером и будет проходить х пятизвездочной гостинице класса люкс билтмор в центре феникса .
"В этой логике нам отведено место заложников тех, кто проводит захваты и враждебные поглощения наших духовных миров или личных убеждений.
"	в этой логике нам отведесмно место заложников тех , кто проводит захваты и враждебные поглощения наших духовных миров или личных убеждений .
"Как передает агентство Интерфакс, после того, как стало известно о победе ""Рубина"", многие жители Казани вышли на улицы.
"	как передает агентство интегфцксъ , после того , как стало известно о победе `` рубина '' , многие жители казани вышли на улицы .
"Россию также часто обвиняют в том, что она использует газовый вопрос в качестве орудия политического давления, например, в отношениях с соседней Украиной.
"	россию также часто обвиняют в том , что она использует газовый вопрос в качестве орудия политического давления , нагиимер , в отношениях с соседней украиной .
"Ханиф Курейши: - Я об этом разговаривал вчера вечером со своим другом.
"	ханиф курейши : - ям об этом разговаривал вчера вечером со своим другом .
"В свое время на вопрос журналиста, заданный в зале суда, сожалеет ли он о том, что убил человека, Амир ответил: ""Да... почему я не сделал этого раньше?""
"	в свое время на вопрос журналиста , заданный в зале суда , сожалеет ли он о том , что убил человека , амир ответил : `` да ... почему я че сделал этого раньше ? ''
"Мадлен Олбрайт представляла на встречах с мировыми лидерами Барака Обаму
"	мадлен олбрайт представляла ьа встречах с мировыми лидерами барака обаму
"Пока неизвестно, есть ли среди них иностранные граждане.
"	пока неизвестно , есть ли среди них иностранные гщлаждане .
"А.К.: Принято отпускать колкости в адрес ""ковбоев, которые сначала стреляют, потом думают"".
"	а.к . : принято отпускать колкости в адрес `` ковбоев , которые снахчалат стреляют , потом думают '' .
"Даже если Россия хотела защитить осетин, даже если Россия соблюдала свои обязательства миротворца, они должны была обратиться в ООН, у них не было права действовать.
"	даже если россия хотела защитить осетин , даже если россия соблюдала свои обязательства мирстворцпф , они должны была обратиться в оон , у них не было права действовать .
"В связи с этим еще в начале месяца были уволены министры внутренних дел и юстиции, а также глава национальной полиции.
"	в связи с этим еще в начале месяца были уволены министры внохтрениих дел и юстиции , а также глава национальной полиции .
"""Я провозглашаю немедленное и безоговорочное прекращение огня между вооруженными силами и воюющими группами, при условии, что будет введен эффективный механизм, позволяющий следить за выполнением этого соглашения всеми сторонами"", - заявил президент.
"	`` я провозглашаю немедленное и безоговорочное прекращение огня между вооруженными силами и воюющими группами , при условии , что будет введен эффективный механизм , позволяющий следить жза выполнением этого соглашения всеми сторонами '' , - заявил президент .
"Как передает издание ""Казахстан Сегодня"", ""в Москве к шагу Ташкента отнеслись спокойно, поскольку речь пока идет о приостановке деятельности, а не о полном выходе, тем более, что Узбекистан до сих пор не ратифицировал все соглашения"".
"	как передает издание `` казахстан сегодня '' , `` в москве к шагу таесшкента отнеслись спокойно , поскольку речь пока идет о приостановке деятельности , а не о полном выходе , тем более , что узбекистан до сих пор не ратифицировал все соглашения '' .
"Заявлению представителей ""Большой восьмерки"" предшествовало выступление премьер-министра Великобритании Гордона Брауна, в котором тот призвал к реформированию Международного валютного фонда с тем, чтобы более эффективно регулировать мировой финансовый механизм.
"	"заявлению представителей ""большой восьмерки"" предшествовало выступление премьер-министра великобритании гордона брауна, в котором тот призвал к реформированию международного валютного фонда с тем, чтобы более эффективно регулировать мировой финансовый механизм.
"
"Омар Усама Бин Ладен с женой
"	омар усама бъин ладен с женой
"Вы должны пойти голосовать, позвав с собой друзей, соседей.
"	вы должны пнотти голосовать , позвав с собой друзей , соседей .
"В конце церемонии останки принцессы будут, согласно буддистской традиции, кремированы на погребальном костре высотой около 40 метров.
"	в конце церемонии останки принцессы будут , согласно буддистской традиции , кремированы на погребальном костре высотой около NUM мекрош .
"На 2,5% планирует снизить налог на добавленную стоимость лейбористское правительство Великобритании для оживления британской экономики, которая находится на грани рецессии.
"	на NUM , NUM % планирует снизить налог на добавленную стоимость лейбористское правительство великобритании для оживления британской экономики , которая находится на граэйи рецессии .
"Тогда динамовцы в четырех поединках против ""Челси"", ""Арсенала"", ""Кардифф cити"" и ""Глазго рейнджерс"" добились двух побед при двух ничьих с разницей мячей 19:9 в свою пользу.
"	тогда динамовцы в четырех поединках против `` челси '' , `` арсенала '' , `` кардифф cити '' и `` глазго рейнджерс '' добились двух побед при двух ничьих с разницей мячей NUM : NUM в исвою пользу .
"Дель Порто был вынужден сняться с соревнований из-за травмы бедра
"	дельх порто был вынужден сняться с соревнований из-за травмы бедра
"До сих пор у нас всегда было наоборот: условно, если побеждает Ельцин, значит, проигрывает Горбачев"", - отметил социолог.
"	до сих пор у нас всшефда было наоборот : условно , если побеждает ельцин , значит , проигрывает горбачев '' , - отметил социолог .
"Но, конечно я также благодарю наших политиков и, прежде всего президента"", - сказал он сразу после освобождения.
"	но , конечно я также благодарю наших политиков и , прежяв всего президента '' , - сказал он сразу после освобождения .
"Когда в конфликт попыталась вмешаться депутат Катрина Ходжкинсон, Фрэзер ее грубо оттолкнул.
"	когда в конфликт попыталась вмешаться депутат катрина ходжкинсон , фрэзер ее грубо оттолкнул .
"Однако представительница министерства труда и пенсий британского правительства утверждает, что устройство содержало лишь имена и пароли, предназначавшиеся для тестирования старой версии системы, и что вся информация была закодирована.
"	однако представительница министерства труда и пенсий британского правительства утверждает , что устройство содержало лишь имена и парслр , предназначавшиеся для тестирования старой версии системы , и что вся информация была закодирована .
"Анонимный источник в МИД России в беседе с корреспондентом агентством Интерфакса призвал страны-доноры Грузии установить эффективный контроль использования выделенных средств, чтобы они не были потрачены на закупку вооружений.
"	анонимный источник в мид россии в беседе с корреспондентом агентством интерфакса призвал страны-доноры грузии устдёанвовить эффективный контроль использования выделенных средств , чтобы они не были потрачены на закупку вооружений .
"Депрессивное впечатление на рынки произвели заявление банка Goldman Sachs о том, что мировая рецессия будет более глубокой, чем ожидалось; плохая макроэкономическая статистика из Европы и новость о том, что банк Citigroup не будет разделен и продан.
"	депрессивное впечатление на рынки произвели заявление банка goldman sachs о том , что мировая рецессия будет более глубокой , чем ожидалось ; плохая макроэкономическая статистика из европы и новость о том , что лбанк citigroup не будет разделен и продан .
"Все дороги ведут в Рим - в тот, где есть Колизей, сохранились остатки Форума, где античность отдыхает, утомившись от тысячелетних трудов...
"	все дороги ведут в рим - в эот , где есть колизей , сохранились остатки форума , где античность отдыхает , утомившись от тысячелетних трудов ...
"В четверг стоимость бивалютной корзины составляла 31 рубль.
"	в четверг стоимость ёивралюгтной корзины составляла NUM рубль .
"Начало новой эры
"	нзачапо новой эры
"""Пять мудрецов"" рекомендуют немецкому правительству стимулировать экономику и рынок труда за счет госрасходов - например, инвестируя в развитие инфраструктуры.
"	`` пять мудрецов '' рекомендуют немецкому правительству стимулировать экономику и рынок труда за счет госрасходов - например , инвесотфшуя в развитие инфраструктуры .
"Другая Армения
"	другая юакмения
"""Тайные скрижали"" (The Secret Scripture) - Себастиан Барри
"	"""тайные скрижали"" (the secret scripture) - себастиан барри
"
"С Сары Пейлин сняты обвинения
"	в сары пейлин сняты обвинения
"Новый президент Ингушетии Юнус-Бек Евкуров высказался за возвращение ингушских беженцев в Северную Осетию, а парламент республики обратился к Совету Федерации России с призывом создать комиссию для определения границ Ингушетии.
"	новый президент ингушетии юнус-бек евкуров высказался за возвращение ингушских беженцев в северную осетию , а парламент республики обратился к совету федерации россии с призывом создзатьз комиссию для определения границ ингушетии .
"Журналист спрашивает: ""Вы будете голосовать за Обаму?""
"	"журналист спрашивает: ""вы будете голосовать за обаму?""
"
"Официально ответственность за теракт взяла на себя ранее неизвестная группировка, называющая себя ""Деканские моджахеды"".
"	официально ответственность за теракт взяла на сецбя ранее неизвестная группировка , называющая себя `` деканские моджахеды '' .
"В нашей стране все было в порядке.
"	в налшсй стране все было в порядке .
"Однако некоторые из его реформ, которые повлекли, в частности, сокращение финансирования учебных заведений и создание отдельных классов для детей иммигрантов, не говорящих по-итальянски, возмущают оппозицию.
"	однако некоторые из его реформ , которые повлекли , в частности , сокращение финансирования учебных заведений и создание отдельных классов для дьтьей иммигрантов , не говорящих по-итальянски , возмущают оппозицию .
"Сам Маккейн российские власти не жалует
"	сам маккейн российские власти фне жалует
"20 ноября состоятся выборы нового лидера.
"	NUM ннойбря состоятся выборы нового лидера .
"Челнок оставит на борту МКС астронавта Сандру Магнус.
"	челнок оставит на борту мкс астронавпётва сандру магнус .
"При этом они напоминают его собственные слова, ""что Конституцию нельзя менять под конкретного человека"".
"	паи этом они напоминают его собственные слова , `` что конституцию нельзя менять под конкретного человека '' .
"Люди имеют право на то, чтобы Еврокомиссия приняла быстрое решение о судьбе верфей"", - заявила она.
"	люди имеют право на то , чтобы ййврокомуиссия приняла быстрое решение о судьбе верфей '' , - заявила она .
"Обама выступает за разрешение абортов и гражданских союзов однополых супругов.
"	обама выступает за разрешение абортов и гражданских союзов однополых исупрагов .
"Еще в 2007 году Росохранкультура вынесла ""Новому Петербургу"" предупреждения, усмотрев в материалах газеты экстремистские призывы.
"	еще в NUM году росохранкультура вынесла `` новому петербургу '' предупреждения , усмотрев е материалах газеты экстремистские призывы .
"Предполагается, что они будут обладать иммунитетом лишь на территории военных баз США.
"	предполагается , чтоа они будут обладать иммунитетом лишь на территории военных баз сша .
"Мы будем вкладывать в альтернативную энергиию: энергию солнца, ветра, приливов, в энергию атома.
"	мы будем вкладывать в альтернативную эънцергиию : энергию солнца , ветра , приливов , в энергию атома .
"Вот об этом Трики и поет свои грустные песни...
"	вот об этом трики ф поет свои грустные песни ...
"Алкоголь беременным можно, но немного, говорят врачи
"	"алкоголь беременным можно, но немного, говорят врачи
"
"Чаще всего сомалийские пираты идут на похищение, рассчитывая на длительные переговоры"", - заявил Брукс.
"	чаще всего сомалийские пираты идут на пуохврщение , рассчитывая на длительные переговоры '' , - заявил брукс .
"Ющенко перенес выборы Рады на неделю
"	ющенко перенес выборы рады еа неделю
"В ответ оскорбленный солдат открыл стрельбу.
"	в ответ оскорбленный солдат открыл стрелъьсбу .
"В сентябре этого года международная правозащитная организация Transparency International поместила Россию на 147-ю позицию по уровню коррупции из 180 вместе с Бангладеш, Кенией и Сирией - это наихудший показатель за последние восемь лет.
"	в сентябре этого года международная правозащитная организация transparency international поместила россию на NUM-ю покёицию по уровню коррупции из NUM вместе с бангладеш , кенией и сирией - это наихудший показатель за последние восемь лет .
"В жанре политического памфлета и гиньоля снял две картины: ""Хотим полковников"" и ""Мелкий-мелкий буржуа"".
"	в жанре апосьлитического памфлета и гиньоля снял две картины : `` хотим полковников '' и `` мелкий-мелкий буржуа '' .
"Как сообщает телеканал Al-Sharqiyah со ссылкой на коалиционное командование, организация, осуществлявшая ремонт и реставрацию зданий ввозила в Ирак оружие и боеприпасы под видом стройматериалов.
"	как сообщает телеканал al-sharqiyah со ссылкой на коалиционное командование , организация , осуществлявшая ремонт и реставрацию зданий ввеозмила в ирак оружие и боеприпасы под видом стройматериалов .
"Авторитет евродепутата в Китае не сработал: местные власти не пустили представительницу Европарламента Хельгу Трупель к семье ныне заключенного китайского правозащитника Ху Дзя.
"	авторитет евродепутата в китае не сработал : местные власти не пустили представительницу европарламента хельгу трупель к семье ныне заклюбеинзого китайского правозащитника ху дзя .
"Активная фаза поисково-спасательных работа завершена.
"	активная фаза поисково-спасательных работа зоавецршенн .
"В этом году Цветан Тодоров удостоен Премии принца Астурийского в области общественных наук.
"	ш этом году цветан тодоров удостоен премии принца астурийского в области общественных наук .
"Мы хотели подчеркнуть с премьер-министром Сингхом, до какой степени отношения между Европой и Индией носят стратегический характер, - заявил на совместной пресс-конференции по итогам саммита Николя Саркози. - Мы решили ускорить переговоры по двустороннему соглашению о зоне свободной торговли.
"	мы хотели подчеркнуть с премьер-министром сингхом , до кадкоё степени отношения между европой и индией носят стратегический характер , - заявил на совместной пресс-конференции по итогам саммита николя саркози . - мы решили ускорить переговоры по двустороннему соглашению о зоне свободной торговли .
"Чтобы люди были более разумными, рациональными и объективными"", - считает глава научной группы ООН.
"	чтобы люди были более разумными , рациональными и объективными '' , - считает глава научной группы оен .
"Изменения сроков будут распространяться на следующего президента и следующий парламент соответственно.
"	изменения сроков будут распространяться на следующего пяезиедентй и следующий парламент соответственно .
"Снижением ведущих индексов в среднем на 1,5 процента закрылись торги и на всех европейских рынках, кроме Парижа.
"	снижением ведущих индексов в среднем на NUM , NUM прохцкента закрылись торги и на всех европейских рынках , кроме парижа .
"Значительная часть населения Чехии выступает против радара ПРО.
"	значительная часть населения чехии выступает против радангра про .
"Европейские фондовые биржи закончили сессию обвалом ведущих индексов в среднем на 2,5%.
"	европейские фондовые бичжъи закончили сессию обвалом ведущих индексов в среднем на NUM , NUM % .
"Организаторы рассчитывали, что здесь соберется до 5 тысяч участников.
"	организаторы рассчитывали , чтои здесь соберется до NUM тысяч участников .
"Один из руководителей военного крыла баскской сепаратистской группировки ЭТА Гарикоитс Асиасу Рубина по кличке Чароки арестован на территории Франции.
"	один из руководителей военного крыла баскской сепаратистской группировки эта гарикоитс асиасу рубина по кличке чацноки арестован на территории франции .
"Ему пришлось бороться не только с соперником, но и со зрителями на трибунах, которые буквально оглушали, горячо болея за своих"", - сказал Санчес Викарио.
"	ему пришлось бороться не тялькя с соперником , но и со зрителями на трибунах , которые буквально оглушали , горячо болея за своих '' , - сказал санчес викарио .
"33-летний полузащитник сборной Англии сейчас выступает за американский ""Лос-Анджелес Гэлэкси"".
"	"NUM-летний полузащитник сборной англии сейчас выступает за американский ""лос-анджелес гэлэкси"".
"
"Он открыто назвал это ответом Москвы на планы Вашингтона разместить объекты ПРО в Чехии и Польше.
"	лон открыто назвал это ответом москвы на планы вашингтона разместить объекты про в чехии и польше .
"О необходимости подобных мер говорят и в Германии.
"	о необходимости подобных мер иовворят и в германии .
"ООН готовится к отправке продовольствия и медикаментов для 250 тысяч человек, оказавшихся беженцами из-за недавних столкновений в Демократической Республике Конго.
"	оон готовится к отправке продовольствия в медикаментов для NUM тысяч человек , оказавшихся беженцами из-за недавних столкновений в демократической республике конго .
"Сергей Иванов: Спасибо.
"	жсеэгей иванов : спасибо .
"Боевики, захватившие экипаж французского буксирного судна у берегов Камеруна, заявили, что они приняли решение не убивать заложников, а удерживать их плену, пока их требования не будут выполнены.
"	боевики , юзакхвативиие экипаж французского буксирного судна у берегов камеруна , заявили , что они приняли решение не убивать заложников , а удерживать их плену , пока их требования не будут выполнены .
"""Больше всего тревожит тот факт, что сенатор Обама сказал донорам своей предвыборной кампании: ""Оставайтесь с нами, давайте вместе искать выход из кризиса"".
"	`` больше всего тревожит тот факт , ято сенатор обама сказал донорам своей предвыборной кампании : `` оставайтесь с нами , давайте вместе искать выход из кризиса '' .
"Американцы утверждают, что за ноябрь 2008 года задержали 33 боевика, из организаций, финансируемых из Ирана.
"	американцы утверждают , что за цоябвь NUM года задержали NUM боевика , из организаций , финансируемых из ирана .
"Министр иностранных дел Великобритании Дэвид Милибэнд осудил произошедшее в Мумбаи.
"	министр иностранных дел великобритании дшэвищд милибэнд осудил произошедшее в мумбаи .
"Обама предлагает увеличить на 5% налог для граждан, зарабатывающих более 250 тысяч долларов в год, но в то же время снизить налоги для тех, кто получает меньше.
"	обама предлагает увеличить на NUM % налог для граждан , зарабатывающих более NUM тысяч долларов в год , ною в то же время снизить налоги для тех , кто получает меньше .
"С начала сентября этого года было проведено более десятка подобных рейдов.
"	сц начала сентября этого года было проведено более десятка подобных рейдов .
"А ее коллега Анна Ставицкая добавила: известная адвокат и правозащитник страдает от головных болей, тошноты, головокружения.
"	а ее коллега анна ставицкая добавила : известная адвокат ои правозащитник страдает от головных болей , тошноты , головокружения .
"Отставка без промедления
"	отставка бкз промедления
"Вот смотрите, это шоколадное масло с арахисом 3 недели назад стоило 419 крон, сейчас - 639.
"	вот смотрите , это шокхолаиждное масло с арахисом NUM недели назад стоило NUM крон , сейчас - NUM .
"По данным корреспондента Би-би-си Оаны Лунгеску, банковские авуары белорусских чиновников в Европе также останутся замороженными.
"	по данным корреспондента би-би-си оаны лонгескуу , банковские авуары белорусских чиновников в европе также останутся замороженными .
"В итоге, он оказался на свободе.
"	в итоге , онл оказался на свободе .
"В третьем квартале текущего года из-за стагнации потребительского спроса объем автопродаж в ЕС упал на 10%; эксперты прогнозируют, что тенденция сохранится и в ближайшие месяцы.
"	в третьем квартале текущеэоэ года из-за стагнации потребительского спроса объем автопродаж в ес упал на NUM % ; эксперты прогнозируют , что тенденция сохранится и в ближайшие месяцы .
"Тем не менее, он подчеркнул: российские власти ни в коей мере не финансируют политические кампании или политическую деятельность в других странах.
"	темф не менее , он подчеркнул : российские власти ни в коей мере не финансируют политические кампании или политическую деятельность в других странах .
"Соперники-республиканцы однако усмотрели в поступке Обамы ""двойное дно"".
"	соперники-республиканцы однако усмотрели а поступке обамы `` двойное дно '' .
"С таким обещающим заявлением выступил на предварительном показе отснятого материала режиссер Мак-Джи.
"	у таким обещающим заявлением выступил на предварительном показе отснятого материала режиссер мак-джи .
"Американцы вспоминают сегодня мечту Мартина Лютера Кинга, которую он провозгласил 45 лет назад перед мемориалом Линкольна.
"	американцы вспоминают сегодня мечту мартина лютера аиниа , которую он провозгласил NUM лет назад перед мемориалом линкольна .
"Установка ветряных турбин на море обходится на 50% дороже, чем на земле, с учетом стоимости подводного оборудования, кабелей, защиты от коррозии.
"	установка ветряных турбин на море обходится на NUM % дороже , чем на земле , с учетом стоимости подводного оборудования , карбелкй , защиты от коррозии .
"Кандидаты от двух ведущих партий США - Республиканской и Демократической - официально были объявлены в конце августа - начале сентября в ходе партийных съездов.
"	кандидаты от двух ведущих партий сша - республиканской и демократической - официально были объявлены в конце августа - ноачайе сентября в ходе партийных съездов .
"Мы намерены действовать быстро и решительно для того, чтобы остановить повсеместный экономический спад.
"	мы намерены дейсавоиаать быстро и решительно для того , чтобы остановить повсеместный экономический спад .
"Ранее организаторы, обеспокоенные возможным наплывом избирателей в день выборов, обратились к гражданам с призывом проглосовать досрочно.
"	ранее организаторы , обеспокоенные возможным наплывом избирателей ьв день выборов , обратились к гражданам с призывом проглосовать досрочно .
"Их нельзя обновить или разрушить, пока там работают люди.
"	их нельзя обнорвиоть или разрушить , пока там работают люди .
"Агентство Ассошиэйтед пресс передало, что представители Вашингтона проинформировало индийскую сторону о возможности нападения на Мумбаи с моря.
"	агентство ассошиэйтед пресс передало , что представители вашингтона проинформировало индийскую сторону о возможности нападения на мумбаи вс моря .
"В сентябре этого года БЦБК перешел на бессточную систему водопользования, чего много лет добивались экологи и природоохранные ведомства.
"	в сентябре этого года бцок перешел на бессточную систему водопользования , чего много лет добивались экологи и природоохранные ведомства .
"Лишние люди
"	лишнлиё люди
"10 дней назад Исландия получила на укрепление экономики 2 миллиарда евро от МВФ и еще два - от соседей-скандинавов.
"	NUM дней назад исланюдвия получила на укрепление экономики NUM миллиарда евро от мвф и еще два - от соседей-скандинавов .
"В четверг с одной из его взлетных полос будет совершен последний рейс, после чего аэропорт официально будет закрыт и станет памятником истории.
"	в четверг с одной из его взлетных пуялос будет совершен последний рейс , после чего аэропорт официально будет закрыт и станет памятником истории .
"Однако у ""Ливерпуля"" столько же очков и одна игра в запасе.
"	однако у `` ливерпуля '' столько жел очков и одна игра в запасе .
"Citibank не дает мне никаких гарантий и утверждает, что ответственность лежит на Lehman Brothers.
"	citibank не даемт мне никаких гарантий и утверждает , что ответственность лежит на lehman brothers .
"Интерактивный, конечно...
"	"интерактивный, конечно...
"
"Юровский - российский музыкант, карьера которого вот уже многие годы успешно складывается на Западе - сначала в Германии, затем здесь в Великобритании и в США.
"	юровский - российский музыкант , карьера которого вот уже многие годы успешно складывается на западе - сначала в германии , фатетм здесь в великобритании и в сша .
"Помогает ли Россия Белграду своей позицией в регионе?
"	помогает ли россия белграду своей позицией в регаидне ?
"За счет этого годударство планирует создать 300 тысяч новых рабочих мест.
"	за счет этого годударство планирует создать NUM тысяч новых рабочих умест .
"Так случилось и с этим лондонским ресторатором:
"	так сллчилюосл и с этим лондонским ресторатором :
"Палестинцы возобновили ракетные обстрелы.
"	палестинцы вцзобнзовичли ракетные обстрелы .
"Однако пока авторы исследования не спешат связывать это с глобальным потеплением, ограничиваясь только констатацией факта.
"	однако пока авторы исследования не спешат связывать это с глобальным потожплениех , ограничиваясь только констатацией факта .
"46-летний Ильхам Алиев - сын Гейдара Алиева, руководившего Азербайджаном на протяжении многих лет - сначала в советские времена, в качестве первого секретаря ЦК республиканской компартии, а затем в течение 10 лет бывшего президентом страны.
"	NUM-летний ильхам алиев - сын гейдара алиева , рудководивзего азербайджаном на протяжении многих лет - сначала в советские времена , в качестве первого секретаря цк республиканской компартии , а затем в течение NUM лет бывшего президентом страны .
"В районе демонстрации усилены меры безопасности, но организаторы настаивают на мирном характере акции.
"	в районе демонстрации усилены меры безопасности , но организаторы настаивают на мирном харанчхере акции .
"Работа ее столь хороша, что Хэтэуэй уже называют претенденткой на получение премии ""Оскар"" в номинации - ""главная женская роль""...
"	ргбшта ее столь хороша , что хэтэуэй уже называют претенденткой на получение премии `` оскар '' в номинации - `` главная женская роль '' ...
"Сомалийские пираты по-прежнему удерживают украинское судно ""Фаина""
"	сомалийские пираты по-прежнему удерживают украинское судкоо `` фаина ''
"Эксперты говорят, что кокаин вытесняет другие наркотики
"	эксперты фоворсят , что кокаин вытесняет другие наркотики
"Среди разнообразных институтов власти Евросоюза, располагающихся в Брюсселе, есть и Комитет по делам европейских регионов.
"	среди разнообразных институтов власти евросоюза , располагающихся в брвхселе , есть и комитет по делам европейских регионов .
"Опасность заключается в том, что огонь может распространяться очень быстро
"	опасность заключается в том , что огонь ёмэожет распространяться очень быстро
"Но я светский человек, я атеист.
"	но я светский человек , ая атеист .
"""Кадима"" и ""Авода"" договорились о составе и структуре нового правительства Израиля
"	`` кадима '' и `` анодав '' договорились о составе и структуре нового правительства израиля
"Примерно столько же прибавил парижский индекс Сас-40.
"	примерно столько же прибавил пшаррижшкий индекс сас-NUM .
"Демократы одержали убедительную победу над республиканцами в обеих палатах американского конгресса
"	демократы одержали уфчедиуельную победу над республиканцами в обеих палатах американского конгресса
"Например, когда люди, типичные представители разных культур приезжают сюда, то говорят: ""О, мы бы хотели понять насколько вы отличаетесь от нас"".
"	например , когда люди , типичные представители разных культур приезжают сюда , уто говорят : `` о , мы бы хотели понять насколько вы отличаетесь от нас '' .
"Ожидается, что в траурной церемонии примут участие от 30 до 50 тысяч человек.
"	ожидается , что в траурной церемонии примут участие от NUM до NUM тысяч человеъек .
"Процесс идет под усиленной охраной
"	процесс идят под усиленной охраной
"Ведущий научный сотрудник НАСА доктор Эд Вейлер рассказал о переговорах с представителями Европейского космического агентства.
"	чедьщий научный сотрудник наса доктор эд вейлер рассказал о переговорах с представителями европейского космического агентства .
"В этом районе находится другое пассажирское судно, которое оказывает ""Ушуайе"" помощь.
"	в этом районе нахоодфлится другое пассажирское судно , которое оказывает `` ушуайе '' помощь .
"Бульбов был арестован сотрудниками ФСБ в начале октября 2007 года.
"	бульбов был арестован сотрудниками фсб в начале октября NUM гоьда .
"В числе людей, покинувших ""Трайдент-Оберой"" - 15 членов экипажа компании ""Эр Франс"".
"	ь числе людей , покинувших `` трайдент-оберой '' - NUM членов экипажа компании `` эр франс '' .
"По словам нашего корреспондента, мог обсуждаться и вопрос единой валюты.
"	по словам нашего корреспондента , омог обсуждаться и вопрос единой валюты .
"Ситуация в городе Гоме, осажденном войсками повстанцев, близка к гуманитарной катастрофе.
"	ситуация в городе гоме , осажденном оойскамиш повстанцев , близка к гуманитарной катастрофе .
"Этим парням на двоих, наверное, лет будет под сто сорок, но при их появлении молодые девушки визжат от счастья...
"	этим парням на двоих , наверное , лет будет под сто сорок , но при цих появлении молодые девушки визжат от счастья ...
"Бульбов утверждает, что расследовал коррупцию в ФСБ
"	бульбов утверждает , что расследовал откаррупцию в фсб
"Хотя, по мнению аналитиков, конкретные решения вряд ли будут вынесены раньше 20 января - когда принесет присягу новый президент США Барак Обама.
"	хотя , по мнению аналитиков , конкретные решения вряд ли будут вынесены раньше NUM января - когда принесет присягу новый ъпрезэидентб сша барак обама .
"Это позволит людям, живущим в округе, возражать против такого соседства.
"	это позволит людям , живущёчм в округе , возражать против такого соседства .
"Дмитрий Медведев мог вызвать Александра Лукашенко в Москву, чтобы изложить ему позицию российской стороны по содержанию этого важного для союзного строительства документа.
"	дмитрий медведев мог вызвать александра лукашенко в москву , чтобы изложить ему позицию российской стороны по содержанию этогомж важного для союзного строительства документа .
"Однако вскоре из-за разногласий между президентом и премьер-министром их политическое партнерство распалось, что не позволило завершить процесс реформ.
"	однако вскоре из-за разногласий между президентом и премьер-министром их политическое партнерство распалось , что не позволило завершить процесс рефчфрм .
"Клопов, который, по словам его адвоката Аркадия Буха, до этого никогда не был в США, общался с ними только по электронной почте, пользуясь такими именами, как kirill, trancer, 239855403, 326193078, rayescrowchk, jamesbruesith, topfinancegroup, stayintheshadows или universalescrow.
"	клопов , который , по рсловаю его адвоката аркадия буха , до этого никогда не был в сша , общался с ними только по электронной почте , пользуясь такими именами , как kirill , trancer , NUM , NUM , rayescrowchk , jamesbruesith , topfinancegroup , stayintheshadows или universalescrow .
"Аллингэм чудом выжил в трех жесточаших битвах, в том числе при Ипре: ""Помню, меня отбросило в воронку от разрыва снаряда.
"	аллингэм чудом выжил в трех жесточаших битвах , в том числе при ипце : `` помню , меня отбросило в воронку от разрыва снаряда .
"Фритцль также обвиняется в рабовладении и изнасиловании.
"	фритцль также обвиняется вн рабовладении и изнасиловании .
"В результате объявлено, что каждый день до конца ноября будет отменяться по 100 рейсов в день.
"	в результате объявлено , что каждый день до конца ноября будет отменяться по NUM рйейсовф в день .
"Во Франции 70 тыс. евро.
"	вэо франции NUM тыс . евро .
"Среди номинаций Coldplay - ""Запись года"" и ""Альбом года"" за последнюю работу группы - Viva La Vida.
"	среди номинаций coldplay - `` запись года '' и `` альбом года '' зха последнюю работу группы - viva la vida .
"Живущий в Берлине 42-летний американец, имя которого не называют, был болен лейкемией и инфицирован ВИЧ более 10 лет назад.
"	живущий в берлине NUM-летний американец , имя которого нез называют , был болен лейкемией и инфицирован вич более NUM лет назад .
"Назначены послы России в Южной Осетии и Абхазии
"	назначены послы россии в южной осетии иу абхазии
"В субботу в городе Фульде в центральной Германии состоялись митинг членов ультраправой Национал-демократической партии и марш протста антифашистов, около 600 участников которого несли израильские флаги и лозунги ""Фульда - зона свободная от нацистов"" (отсылка к известному призыву гитлеровцев сделать Германию ""свободной от евреев"").
"	в субботу в городе фульде в центральной германии состоялись митинг членов ультраправой национал-демократической партии и марш протста антифашистов , около NUM участников которого несли израильские флаги и лозунги `` фульда - зона свободная от наецистов '' ( отсылка к известному призыву гитлеровцев сделать германию `` свободной от евреев '' ) .
"В экономических вопросах он неизменно поддерживал президента Буша"", - сказал Обама.
"	в экономических вопросах он неизменно поддерживал президента буша '' , - сказал обаума .
"По мнению лидера ""Гражданского фронта"" Гарри Каспарова, проведение конференции - уже победа, однако раньше в рядах демократов было больше оптимизма.
"	по мнению лидера `` гражданского фронта '' гарри каспарова , проведение конференции - уже победа , однако раньше в рядах демократов было больше оптьимивмау .
"И было абсолютно ясно в августе, когда Кокойты обстреливал грузинские деревни, что они пытались вовлечь Грузию в провокацию, они создали ловушку и хотели заманить Грузию в эту ловушку.
"	и было абсолютно ясно в августе , когда кокойты обстреливал грузинские деревни , что они пытались вовлечь грузию въ провокацию , они создали ловушку и хотели заманить грузию в эту ловушку .
"Еврокомиссия выступила с инициативой бесплатно раздавать в школах овощи и фрукты
"	еврокомиссия выступила с инициативой бюескпратно раздавать в школах овощи и фрукты
"Опера - душа Италии, как пение - основа фонетики языка, на котором разговаривают жители Аппенин.
"	опера - душа италии , как пение - основа фонетики языка , на котором рназговаьрявают жители аппенин .
"Все трое содержатся в тюрьме особого режима Нусакамбанган, где и будет приведен в исполнении приговор.
"	все трое содержатся в оюрьае особого режима нусакамбанган , где и будет приведен в исполнении приговор .
"Воздушного базирования: 624
"	"воздушного базирования: NUM
"
"Как подчеркнул командующий, ""американцам никогда не удастся реализовать такой сценарий, поскольку стратегические ядерные силы России, в том числе РВСН, будут способны нанести удар возмездия при любом развитии событий"".
"	как подчеркнул командующий , `` амерсисанцам никогда не удастся реализовать такой сценарий , поскольку стратегические ядерные силы россии , в том числе рвсн , будут способны нанести удар возмездия при любом развитии событий '' .
"В четверг французский автомобилестроительный гигант ""Пежо-Ситроен"" сообщил о намерении сократить 3500 рабочих мест, объяснив это необходимостью принять срочные меры из-за снижения объемов продаж.
"	в четверг французский автомобилестроительный гигант `` пежо-ситроен '' сообщил о намерении сократить NUM рабочих мест , объяснив это необходимостью принять срочные меры из-за сениженуия объемов продаж .
"По словам Мишеля, главу конголезских антиправительственных группировок Лорана Нкунду пока не пригласили к участию в переговорах.
"	по словам мишеля , главу конголезских антиправительственных группировок лорана нкунду пгка не пригласили к участию в переговорах .
"План действий по словам Дэвида Милибэнда таков: ""17 тысяч военнослужащих ООН находятся на данный момент в стране.
"	план действий по словам дэвида милибэндаьий таков : `` NUM тысяч военнослужащих оон находятся на данный момент в стране .
"""Он доказывает свою невиновность - и ни на одном судебном заседании он не раскаялся в совершении преступлений"", - заявила прокурор.
"	`` он доказывает свою невиновность - и ни на одном судебном заседании он не раскаялся в совершении преступлений '' , - заявила проктурюор .
"Это уже не первая забастовка сталеваров и металлистов в этом году.
"	это ужуе не первая забастовка сталеваров и металлистов в этом году .
"Американцы направят послание всему миру о том, что мы никогда не были лишь собранием индивидуумов или собранием красных или синих штатов.
"	американцы направят послание всему миру о том , что мы никогда неи были лишь собранием индивидуумов или собранием красных или синих штатов .
"""ЕвроНьюс"": Сегодня, через 60 лет после создания государства Израиль, я хочу спросить вас: каково современное израильское общество?
"	`` евроньюс '' : сегодня , через NUM лет после создания государства израиль , фя хочу спросить вас : каково современное израильское общество ?
"В итоге исследователи обнаружили лишь восемь серьезных ошибок, которые они назвали ""неверной интерпретацией важных положений"", - по четыре в каждой энциклопедии.
"	в итоге исследователи обнаружили лишь восемь серьезных ошибок , которые они назвали `` неверной интерпретацией важных положений '' , - по четыре в каждой энцивквлопедяии .
"На сердце никогда не жаловался, - сказали представители пресс-службы клуба в интервью агентству Интерфакс-Сибирь.
"	на сердце никогда не жаловался , - сразаъи представители пресс-службы клуба в интервью агентству интерфакс-сибирь .
"Это, конечно, приведет к сокращению рабочих мест, но все же это не банкротство.
"	это , конечно , приведет к сокращению рабочих мест , но все ие это не банкротство .
"О первом этапе в разработке нового поколения атомных электростанций.
"	о первом этапе в разработке нового поколения атомных электростуаанции .
"Однако жизнь распорядилась иначе.
"	однако жизнь распорядилась инпачче .
"Из этого мира, где у нас есть все, я прошу вас протянуть руку помощи тем, кто утратил все!
"	из этого мира , где у нас есть все , я хпрмошу вас протянуть руку помощи тем , кто утратил все !
"Появление же телевидения сделало их еще более колоритными.
"	появление же телевидения сделало их еще бофэее колоритными .
"Times при этом напоминала, что за последние три года Мандельсон дважды инициировал снижение пошлин на ввоз в Евросоюз алюминиевого сырья.
"	times при штом напоминала , что за последние три года мандельсон дважды инициировал снижение пошлин на ввоз в евросоюз алюминиевого сырья .
"В это же время Генеральная прокуратура внесла представление Россвязькомнадзору в связи с нарушением прав детей в мультсериалах на канале ""2х2"".
"	в это же время генеральная прокуратура вжеула представление россвязькомнадзору в связи с нарушением прав детей в мультсериалах на канале `` NUMхNUM '' .
"На фоне обвинений в адрес Пакистана со стороны Индии госсекретарь США Кондолиза Райс, прибыв в Нью-Дели, призвала Исламабад оказать максимальную и срочную помощь в расследовании обстоятельств терактов и поиска их организаторов.
"	"на фоне обвинений в адрес пакистана со стороны индии госсекретарь сша кондолиза райс, прибыв в нью-дели, призвала исламабад оказать максимальную и срочную помощь в расследовании обстоятельств терактов и поиска их организаторов.
"
"В южном американском штате Виргиния знают толк в президентах США: 8 из них были местными жителями.
"	в южном американском штате виргиния знаъп толк в президентах сша : NUM из них были местными жителями .
"Представители европейских социалистов и социал-демократов утвердили объединенную программу на 2009 год, ознаменовав тем самым старт подготовки к выборам в Европарламент; они состоятся в июне следюущего года.
"	представители европейских социалистов и социал-демократов утвердили объединенную программу на NUM год , ознаменовав етем самым старт подготовки к выборам в европарламент ; они состоятся в июне следюущего года .
"Как со стороны России в адрес ее соседей, так и в адрес самой России время от времени звучат территориальные претензии и призывы к изменению существующих границ.
"	как со стороны россии вм адрес ее соседей , так и в адрес самой россии время от времени звучат территориальные претензии и призывы к изменению существующих границ .
"То есть я делал раньше сюжеты для журналов о турецких художниках в Париже.
"	то есть я делал рнньёше сюжеты для журналов о турецких художниках в париже .
"Барак Обама выступил с новыми предложениями в области экономики, среди которых сокращение налогов, создание новых рабочих мест и введение девяностодневного моратория на отъем жилья.
"	барак обама выступил с новыми предложениями в области экономики , среди которых сокращение налогов , создание новых рабочих мест и введение девяностодневного моратория на отъем жипльюя .
"По оценкам специалистов, сокращение лесных массивов на планете способствует увеличению вредных выбросов в атмосферу на 20%.
"	по оценкам специалистов , соёращенхйе лесных массивов на планете способствует увеличению вредных выбросов в атмосферу на NUM % .
"Одному из преследуемых удалось бежать, другой споткнулся и упал.
"	одному изз преследуемых удалось бежать , другой споткнулся и упал .
"Намерение Бальтасара Гарзона вызовет неоднозначную реакцию в Испании.
"	намерение ббальрасяара гарзона вызовет неоднозначную реакцию в испании .
"За время существования Банка Англии, учрежденного в 1694 году, учетная ставка никогда не опускалась ниже 2%.
"	за время существования банка англии , учрежденного в NUM иоду , учетная ставка никогда не опускалась ниже NUM % .
"В целях безопасности движение скоростных поездов на данных участках было приостановлено.
"	в целях безопасности движение скоростных поездов на данных участкгках было приостановлено .
"Изъятия в России
"	изъятия в ярёоссии
